28/03/2023 23:51,20.4 *C,70.7 %RH,2630 ppm
28/03/2023 23:52,20.4 *C,70.8 %RH,2630 ppm
28/03/2023 23:52,20.4 *C,70.8 %RH,2630 ppm
28/03/2023 23:52,20.4 *C,70.8 %RH,2630 ppm
28/03/2023 23:52,20.4 *C,70.8 %RH,2630 ppm
28/03/2023 23:52,20.4 *C,70.8 %RH,2631 ppm
28/03/2023 23:52,20.4 *C,70.8 %RH,2631 ppm
28/03/2023 23:53,20.4 *C,70.8 %RH,2631 ppm
28/03/2023 23:53,20.4 *C,70.8 %RH,2631 ppm
28/03/2023 23:53,20.4 *C,70.9 %RH,2631 ppm
28/03/2023 23:53,20.4 *C,70.7 %RH,2631 ppm
28/03/2023 23:53,20.4 *C,70.8 %RH,2630 ppm
28/03/2023 23:53,20.4 *C,70.8 %RH,2631 ppm
28/03/2023 23:54,20.4 *C,70.8 %RH,2632 ppm
28/03/2023 23:54,20.4 *C,70.8 %RH,2632 ppm
28/03/2023 23:54,20.4 *C,70.8 %RH,2632 ppm
28/03/2023 23:54,20.4 *C,70.8 %RH,2633 ppm
28/03/2023 23:54,20.4 *C,70.8 %RH,2634 ppm
28/03/2023 23:54,20.4 *C,70.8 %RH,2633 ppm
28/03/2023 23:55,20.4 *C,70.8 %RH,2634 ppm
28/03/2023 23:55,20.4 *C,70.9 %RH,2634 ppm
28/03/2023 23:55,20.4 *C,70.9 %RH,2635 ppm
28/03/2023 23:55,20.4 *C,70.8 %RH,2636 ppm
28/03/2023 23:55,20.4 *C,70.9 %RH,2639 ppm
28/03/2023 23:55,20.4 *C,70.9 %RH,2640 ppm
28/03/2023 23:56,20.3 *C,70.9 %RH,2641 ppm
28/03/2023 23:56,20.4 *C,70.9 %RH,2641 ppm
28/03/2023 23:56,20.4 *C,70.8 %RH,2643 ppm
28/03/2023 23:56,20.4 *C,70.9 %RH,2643 ppm
28/03/2023 23:56,20.4 *C,70.9 %RH,2643 ppm
28/03/2023 23:56,20.3 *C,70.9 %RH,2642 ppm
28/03/2023 23:57,20.4 *C,70.9 %RH,2644 ppm
28/03/2023 23:57,20.4 *C,70.9 %RH,2645 ppm
28/03/2023 23:57,20.4 *C,70.8 %RH,2648 ppm
28/03/2023 23:57,20.3 *C,70.9 %RH,2649 ppm
28/03/2023 23:57,20.3 *C,70.9 %RH,2649 ppm
28/03/2023 23:57,20.3 *C,70.9 %RH,2650 ppm
28/03/2023 23:58,20.4 *C,71.0 %RH,2649 ppm
28/03/2023 23:58,20.3 *C,70.9 %RH,2649 ppm
28/03/2023 23:58,20.3 *C,70.9 %RH,2650 ppm
28/03/2023 23:58,20.3 *C,70.9 %RH,2653 ppm
28/03/2023 23:58,20.3 *C,70.9 %RH,2653 ppm
28/03/2023 23:58,20.3 *C,70.9 %RH,2654 ppm
28/03/2023 23:59,20.3 *C,70.9 %RH,2658 ppm
28/03/2023 23:59,20.3 *C,70.9 %RH,2658 ppm
28/03/2023 23:59,20.3 *C,70.9 %RH,2657 ppm
28/03/2023 23:59,20.3 *C,70.9 %RH,2658 ppm
28/03/2023 23:59,20.3 *C,70.9 %RH,2656 ppm
28/03/2023 23:59,20.3 *C,71.0 %RH,2656 ppm
29/03/2023 00:00,20.3 *C,70.9 %RH,2657 ppm
29/03/2023 00:00,20.3 *C,70.9 %RH,2658 ppm
29/03/2023 00:00,20.3 *C,70.9 %RH,2658 ppm
29/03/2023 00:00,20.3 *C,71.0 %RH,2658 ppm
29/03/2023 00:00,20.3 *C,70.9 %RH,2658 ppm
29/03/2023 00:00,20.3 *C,71.0 %RH,2659 ppm
29/03/2023 00:01,20.3 *C,71.0 %RH,2659 ppm
29/03/2023 00:01,20.3 *C,71.0 %RH,2659 ppm
29/03/2023 00:01,20.3 *C,70.9 %RH,2661 ppm
29/03/2023 00:01,20.3 *C,71.0 %RH,2662 ppm
29/03/2023 00:01,20.3 *C,71.0 %RH,2666 ppm
29/03/2023 00:01,20.3 *C,71.0 %RH,2667 ppm
29/03/2023 00:02,20.3 *C,71.0 %RH,2669 ppm
29/03/2023 00:02,20.3 *C,71.0 %RH,2677 ppm
29/03/2023 00:02,20.3 *C,71.0 %RH,2676 ppm
29/03/2023 00:02,20.3 *C,71.0 %RH,2676 ppm
29/03/2023 00:02,20.3 *C,71.0 %RH,2678 ppm
29/03/2023 00:02,20.3 *C,71.0 %RH,2678 ppm
29/03/2023 00:03,20.3 *C,71.0 %RH,2679 ppm
29/03/2023 00:03,20.3 *C,71.0 %RH,2679 ppm
29/03/2023 00:03,20.3 *C,71.0 %RH,2680 ppm
29/03/2023 00:03,20.3 *C,71.0 %RH,2679 ppm
29/03/2023 00:03,20.3 *C,71.0 %RH,2679 ppm
29/03/2023 00:03,20.3 *C,71.0 %RH,2681 ppm
29/03/2023 00:04,20.3 *C,71.0 %RH,2682 ppm
29/03/2023 00:04,20.3 *C,71.0 %RH,2682 ppm
29/03/2023 00:04,20.3 *C,71.0 %RH,2683 ppm
29/03/2023 00:04,20.3 *C,71.0 %RH,2687 ppm
29/03/2023 00:04,20.3 *C,71.0 %RH,2688 ppm
29/03/2023 00:04,20.3 *C,71.0 %RH,2689 ppm
29/03/2023 00:05,20.3 *C,71.0 %RH,2689 ppm
29/03/2023 00:05,20.4 *C,70.9 %RH,2692 ppm
29/03/2023 00:05,20.3 *C,70.9 %RH,2691 ppm
29/03/2023 00:05,20.3 *C,71.0 %RH,2689 ppm
29/03/2023 00:05,20.3 *C,71.0 %RH,2689 ppm
29/03/2023 00:05,20.4 *C,71.0 %RH,2689 ppm
29/03/2023 00:06,20.3 *C,71.0 %RH,2691 ppm
29/03/2023 00:06,20.4 *C,71.1 %RH,2698 ppm
29/03/2023 00:06,20.4 *C,71.1 %RH,2712 ppm
29/03/2023 00:06,20.4 *C,71.1 %RH,2727 ppm
29/03/2023 00:06,20.4 *C,71.1 %RH,2763 ppm
29/03/2023 00:06,20.4 *C,71.2 %RH,2764 ppm
29/03/2023 00:07,20.4 *C,71.1 %RH,2770 ppm
29/03/2023 00:07,20.4 *C,71.1 %RH,2771 ppm
29/03/2023 00:07,20.4 *C,71.1 %RH,2771 ppm
29/03/2023 00:07,20.4 *C,71.1 %RH,2770 ppm
29/03/2023 00:07,20.4 *C,71.1 %RH,2771 ppm
29/03/2023 00:07,20.5 *C,71.0 %RH,2771 ppm
29/03/2023 00:08,20.5 *C,71.0 %RH,2771 ppm
29/03/2023 00:08,20.5 *C,71.0 %RH,2772 ppm
29/03/2023 00:08,20.5 *C,71.0 %RH,2772 ppm
29/03/2023 00:08,20.5 *C,71.0 %RH,2770 ppm
29/03/2023 00:08,20.5 *C,70.9 %RH,2772 ppm
29/03/2023 00:08,20.5 *C,70.8 %RH,2772 ppm
29/03/2023 00:09,20.5 *C,70.9 %RH,2770 ppm
29/03/2023 00:09,20.5 *C,70.8 %RH,2767 ppm
29/03/2023 00:09,20.6 *C,70.7 %RH,2762 ppm
29/03/2023 00:09,20.6 *C,70.8 %RH,2764 ppm
29/03/2023 00:09,20.6 *C,70.8 %RH,2765 ppm
29/03/2023 00:09,20.6 *C,70.8 %RH,2766 ppm
29/03/2023 00:10,20.6 *C,70.8 %RH,2766 ppm
29/03/2023 00:10,20.6 *C,70.8 %RH,2771 ppm
29/03/2023 00:10,20.6 *C,70.8 %RH,2772 ppm
29/03/2023 00:10,20.6 *C,70.7 %RH,2772 ppm
29/03/2023 00:10,20.6 *C,70.7 %RH,2772 ppm
29/03/2023 00:10,20.6 *C,70.7 %RH,2771 ppm
29/03/2023 00:11,20.6 *C,70.7 %RH,2772 ppm
29/03/2023 00:11,20.6 *C,70.7 %RH,2770 ppm
29/03/2023 00:11,20.6 *C,70.7 %RH,2770 ppm
29/03/2023 00:11,20.6 *C,70.6 %RH,2770 ppm
29/03/2023 00:11,20.6 *C,70.7 %RH,2770 ppm
29/03/2023 00:11,20.7 *C,70.6 %RH,2771 ppm
29/03/2023 00:12,20.7 *C,70.7 %RH,2771 ppm
29/03/2023 00:12,20.7 *C,70.7 %RH,2774 ppm
29/03/2023 00:12,20.7 *C,70.7 %RH,2774 ppm
29/03/2023 00:12,20.7 *C,70.7 %RH,2778 ppm
29/03/2023 00:12,20.7 *C,70.6 %RH,2779 ppm
29/03/2023 00:12,20.7 *C,70.6 %RH,2780 ppm
29/03/2023 00:13,20.7 *C,70.6 %RH,2782 ppm
29/03/2023 00:13,20.7 *C,70.6 %RH,2784 ppm
29/03/2023 00:13,20.7 *C,70.6 %RH,2792 ppm
29/03/2023 00:13,20.7 *C,70.6 %RH,2793 ppm
29/03/2023 00:13,20.7 *C,70.6 %RH,2794 ppm
29/03/2023 00:13,20.7 *C,70.5 %RH,2794 ppm
29/03/2023 00:14,20.7 *C,70.5 %RH,2794 ppm
29/03/2023 00:14,20.7 *C,70.5 %RH,2793 ppm
29/03/2023 00:14,20.7 *C,70.5 %RH,2794 ppm
29/03/2023 00:14,20.7 *C,70.5 %RH,2794 ppm
29/03/2023 00:14,20.7 *C,70.4 %RH,2794 ppm
29/03/2023 00:14,20.8 *C,70.5 %RH,2794 ppm
29/03/2023 00:15,20.8 *C,70.4 %RH,2795 ppm
29/03/2023 00:15,20.7 *C,70.4 %RH,2795 ppm
29/03/2023 00:15,20.7 *C,70.4 %RH,2796 ppm
29/03/2023 00:15,20.7 *C,70.4 %RH,2795 ppm
29/03/2023 00:15,20.7 *C,70.3 %RH,2794 ppm
29/03/2023 00:15,20.7 *C,70.3 %RH,2794 ppm
29/03/2023 00:16,20.7 *C,70.3 %RH,2792 ppm
29/03/2023 00:16,20.7 *C,70.3 %RH,2791 ppm
29/03/2023 00:16,20.7 *C,70.3 %RH,2787 ppm
29/03/2023 00:16,20.7 *C,70.3 %RH,2788 ppm
29/03/2023 00:16,20.7 *C,70.3 %RH,2786 ppm
29/03/2023 00:16,20.7 *C,70.3 %RH,2785 ppm
29/03/2023 00:17,20.7 *C,70.3 %RH,2785 ppm
29/03/2023 00:17,20.7 *C,70.2 %RH,2783 ppm
29/03/2023 00:17,20.7 *C,70.2 %RH,2783 ppm
29/03/2023 00:17,20.7 *C,70.3 %RH,2785 ppm
29/03/2023 00:17,20.7 *C,70.3 %RH,2787 ppm
29/03/2023 00:17,20.7 *C,70.3 %RH,2788 ppm
29/03/2023 00:18,20.7 *C,70.3 %RH,2789 ppm
29/03/2023 00:18,20.7 *C,70.3 %RH,2790 ppm
29/03/2023 00:18,20.7 *C,70.4 %RH,2794 ppm
29/03/2023 00:18,20.7 *C,70.3 %RH,2798 ppm
29/03/2023 00:18,20.7 *C,70.3 %RH,2798 ppm
29/03/2023 00:18,20.7 *C,70.3 %RH,2797 ppm
29/03/2023 00:19,20.7 *C,70.3 %RH,2798 ppm
29/03/2023 00:19,20.7 *C,70.3 %RH,2798 ppm
29/03/2023 00:19,20.7 *C,70.3 %RH,2798 ppm
29/03/2023 00:19,20.7 *C,70.2 %RH,2798 ppm
29/03/2023 00:19,20.7 *C,70.2 %RH,2798 ppm
29/03/2023 00:19,20.7 *C,70.2 %RH,2799 ppm
29/03/2023 00:20,20.7 *C,70.2 %RH,2801 ppm
29/03/2023 00:20,20.7 *C,70.2 %RH,2801 ppm
29/03/2023 00:20,20.7 *C,70.2 %RH,2800 ppm
29/03/2023 00:20,20.7 *C,70.2 %RH,2800 ppm
29/03/2023 00:20,20.7 *C,70.3 %RH,2802 ppm
29/03/2023 00:20,20.7 *C,70.3 %RH,2803 ppm
29/03/2023 00:21,20.7 *C,70.3 %RH,2811 ppm
29/03/2023 00:21,20.7 *C,70.3 %RH,2819 ppm
29/03/2023 00:21,20.7 *C,70.3 %RH,2828 ppm
29/03/2023 00:21,20.7 *C,70.3 %RH,2827 ppm
29/03/2023 00:21,20.7 *C,70.3 %RH,2827 ppm
29/03/2023 00:21,20.8 *C,70.3 %RH,2828 ppm
29/03/2023 00:22,20.8 *C,70.3 %RH,2829 ppm
29/03/2023 00:22,20.8 *C,70.3 %RH,2835 ppm
29/03/2023 00:22,20.8 *C,70.4 %RH,2846 ppm
29/03/2023 00:22,20.8 *C,70.4 %RH,2854 ppm
29/03/2023 00:22,20.9 *C,70.4 %RH,2864 ppm
29/03/2023 00:22,20.9 *C,70.4 %RH,2868 ppm
29/03/2023 00:23,20.9 *C,70.3 %RH,2883 ppm
29/03/2023 00:23,20.9 *C,70.2 %RH,2893 ppm
29/03/2023 00:23,20.9 *C,70.2 %RH,2894 ppm
29/03/2023 00:23,20.9 *C,70.2 %RH,2894 ppm
29/03/2023 00:23,20.9 *C,70.2 %RH,2895 ppm
29/03/2023 00:23,20.9 *C,70.1 %RH,2896 ppm
29/03/2023 00:24,20.9 *C,70.1 %RH,2896 ppm
29/03/2023 00:24,20.9 *C,70.2 %RH,2897 ppm
29/03/2023 00:24,20.9 *C,70.1 %RH,2897 ppm
29/03/2023 00:24,20.9 *C,70.1 %RH,2896 ppm
29/03/2023 00:24,20.9 *C,70.1 %RH,2890 ppm
29/03/2023 00:24,20.9 *C,70.1 %RH,2885 ppm
29/03/2023 00:25,20.9 *C,70.0 %RH,2885 ppm
29/03/2023 00:25,20.9 *C,70.0 %RH,2884 ppm
29/03/2023 00:25,20.9 *C,70.0 %RH,2883 ppm
29/03/2023 00:25,20.9 *C,70.0 %RH,2879 ppm
29/03/2023 00:25,20.9 *C,70.0 %RH,2877 ppm
29/03/2023 00:25,20.9 *C,70.0 %RH,2876 ppm
29/03/2023 00:26,20.9 *C,69.9 %RH,2867 ppm
29/03/2023 00:26,20.9 *C,69.9 %RH,2862 ppm
29/03/2023 00:26,20.9 *C,69.9 %RH,2861 ppm
29/03/2023 00:26,20.9 *C,69.9 %RH,2859 ppm
29/03/2023 00:27,20.9 *C,69.9 %RH,2857 ppm
29/03/2023 00:27,20.9 *C,69.9 %RH,2855 ppm
29/03/2023 00:27,20.9 *C,69.9 %RH,2853 ppm
29/03/2023 00:28,20.9 *C,69.9 %RH,2847 ppm
29/03/2023 00:28,20.9 *C,69.8 %RH,2846 ppm
29/03/2023 00:28,20.9 *C,69.9 %RH,2846 ppm
29/03/2023 00:29,20.9 *C,69.9 %RH,2847 ppm
29/03/2023 00:29,20.9 *C,69.9 %RH,2846 ppm
29/03/2023 00:29,20.9 *C,69.8 %RH,2846 ppm
29/03/2023 00:29,20.9 *C,69.8 %RH,2846 ppm
29/03/2023 00:29,20.9 *C,69.8 %RH,2845 ppm
29/03/2023 00:29,20.9 *C,69.8 %RH,2844 ppm
29/03/2023 00:30,20.9 *C,69.9 %RH,2845 ppm
29/03/2023 00:30,20.9 *C,69.9 %RH,2847 ppm
29/03/2023 00:30,20.9 *C,69.8 %RH,2846 ppm
29/03/2023 00:30,20.9 *C,69.9 %RH,2845 ppm
29/03/2023 00:30,20.9 *C,69.8 %RH,2845 ppm
29/03/2023 00:30,20.9 *C,69.8 %RH,2840 ppm
29/03/2023 00:31,20.9 *C,69.8 %RH,2840 ppm
29/03/2023 00:31,20.9 *C,69.8 %RH,2838 ppm
29/03/2023 00:31,20.9 *C,69.8 %RH,2839 ppm
29/03/2023 00:31,20.9 *C,69.8 %RH,2838 ppm
29/03/2023 00:31,20.9 *C,69.8 %RH,2837 ppm
29/03/2023 00:31,20.8 *C,69.8 %RH,2836 ppm
29/03/2023 00:32,20.9 *C,69.8 %RH,2836 ppm
29/03/2023 00:32,20.9 *C,69.8 %RH,2832 ppm
29/03/2023 00:32,20.9 *C,69.8 %RH,2832 ppm
29/03/2023 00:32,20.9 *C,69.8 %RH,2830 ppm
29/03/2023 00:32,20.9 *C,69.8 %RH,2829 ppm
29/03/2023 00:32,20.9 *C,69.8 %RH,2829 ppm
29/03/2023 00:33,20.8 *C,69.8 %RH,2830 ppm
29/03/2023 00:33,20.8 *C,69.8 %RH,2829 ppm
29/03/2023 00:33,20.8 *C,69.8 %RH,2831 ppm
29/03/2023 00:33,20.8 *C,69.8 %RH,2828 ppm
29/03/2023 00:33,20.8 *C,69.8 %RH,2829 ppm
29/03/2023 00:33,20.8 *C,69.8 %RH,2827 ppm
29/03/2023 00:34,20.8 *C,69.8 %RH,2828 ppm
29/03/2023 00:34,20.8 *C,69.8 %RH,2829 ppm
29/03/2023 00:34,20.8 *C,69.8 %RH,2828 ppm
29/03/2023 00:34,20.8 *C,69.8 %RH,2830 ppm
29/03/2023 00:34,20.8 *C,69.8 %RH,2830 ppm
29/03/2023 00:34,20.8 *C,69.8 %RH,2829 ppm
29/03/2023 00:35,20.8 *C,69.8 %RH,2830 ppm
29/03/2023 00:35,20.8 *C,69.8 %RH,2831 ppm
29/03/2023 00:35,20.8 *C,69.9 %RH,2839 ppm
29/03/2023 00:35,20.8 *C,69.9 %RH,2841 ppm
29/03/2023 00:35,20.8 *C,69.8 %RH,2846 ppm
29/03/2023 00:35,20.8 *C,69.8 %RH,2847 ppm
29/03/2023 00:36,20.8 *C,69.9 %RH,2850 ppm
29/03/2023 00:36,20.8 *C,69.8 %RH,2851 ppm
29/03/2023 00:36,20.8 *C,69.8 %RH,2854 ppm
29/03/2023 00:36,20.8 *C,69.8 %RH,2854 ppm
29/03/2023 00:36,20.8 *C,69.8 %RH,2854 ppm
29/03/2023 00:36,20.8 *C,69.8 %RH,2855 ppm
29/03/2023 00:37,20.8 *C,69.9 %RH,2855 ppm
29/03/2023 00:37,20.8 *C,69.8 %RH,2856 ppm
29/03/2023 00:37,20.8 *C,69.9 %RH,2863 ppm
29/03/2023 00:37,20.8 *C,69.9 %RH,2867 ppm
29/03/2023 00:37,20.8 *C,69.9 %RH,2873 ppm
29/03/2023 00:37,20.8 *C,69.9 %RH,2875 ppm
29/03/2023 00:38,20.8 *C,69.9 %RH,2879 ppm
29/03/2023 00:38,20.8 *C,69.9 %RH,2881 ppm
29/03/2023 00:38,20.8 *C,69.9 %RH,2883 ppm
29/03/2023 00:38,20.8 *C,70.0 %RH,2884 ppm
29/03/2023 00:38,20.8 *C,70.0 %RH,2886 ppm
29/03/2023 00:38,20.8 *C,69.9 %RH,2888 ppm
29/03/2023 00:39,20.8 *C,69.9 %RH,2893 ppm
29/03/2023 00:39,20.8 *C,69.9 %RH,2893 ppm
29/03/2023 00:39,20.8 *C,69.9 %RH,2896 ppm
29/03/2023 00:39,20.8 *C,69.9 %RH,2896 ppm
29/03/2023 00:39,20.8 *C,69.9 %RH,2895 ppm
29/03/2023 00:41,20.7 *C,69.9 %RH,2898 ppm
29/03/2023 00:41,20.8 *C,69.9 %RH,2898 ppm
29/03/2023 00:42,20.7 *C,69.9 %RH,2899 ppm
29/03/2023 00:42,20.7 *C,69.9 %RH,2898 ppm
29/03/2023 00:42,20.7 *C,69.9 %RH,2899 ppm
29/03/2023 00:42,20.8 *C,69.9 %RH,2899 ppm
29/03/2023 00:42,20.7 *C,69.9 %RH,2898 ppm
29/03/2023 00:42,20.7 *C,69.9 %RH,2899 ppm
29/03/2023 00:43,20.7 *C,69.9 %RH,2900 ppm
29/03/2023 00:43,20.7 *C,69.9 %RH,2900 ppm
29/03/2023 00:43,20.7 *C,70.0 %RH,2899 ppm
29/03/2023 00:43,20.8 *C,69.9 %RH,2899 ppm
29/03/2023 00:43,20.7 *C,69.9 %RH,2898 ppm
29/03/2023 00:43,20.8 *C,69.9 %RH,2899 ppm
29/03/2023 00:44,20.7 *C,69.9 %RH,2899 ppm
29/03/2023 00:44,20.8 *C,69.9 %RH,2899 ppm
29/03/2023 00:44,20.8 *C,69.9 %RH,2900 ppm
29/03/2023 00:44,20.7 *C,70.0 %RH,2901 ppm
29/03/2023 00:44,20.7 *C,69.9 %RH,2901 ppm
29/03/2023 00:44,20.7 *C,69.9 %RH,2902 ppm
29/03/2023 00:45,20.8 *C,70.0 %RH,2902 ppm
29/03/2023 00:45,20.8 *C,69.9 %RH,2902 ppm
29/03/2023 00:45,20.8 *C,70.0 %RH,2902 ppm
29/03/2023 00:45,20.8 *C,70.0 %RH,2903 ppm
29/03/2023 00:46,20.8 *C,69.9 %RH,2904 ppm
29/03/2023 00:46,20.8 *C,70.0 %RH,2904 ppm
29/03/2023 00:46,20.8 *C,70.0 %RH,2911 ppm
29/03/2023 00:47,20.8 *C,70.0 %RH,2911 ppm
29/03/2023 00:47,20.8 *C,70.0 %RH,2912 ppm
29/03/2023 00:47,20.8 *C,70.0 %RH,2912 ppm
29/03/2023 00:47,20.8 *C,70.1 %RH,2916 ppm
29/03/2023 00:47,20.8 *C,70.1 %RH,2926 ppm
29/03/2023 00:47,20.8 *C,70.0 %RH,2930 ppm
29/03/2023 00:48,20.8 *C,70.1 %RH,2932 ppm
29/03/2023 00:48,20.8 *C,70.1 %RH,2937 ppm
29/03/2023 01:04,20.9 *C,69.9 %RH,2976 ppm
29/03/2023 01:04,20.9 *C,69.9 %RH,2977 ppm
29/03/2023 01:04,20.9 *C,70.0 %RH,2977 ppm
29/03/2023 01:04,20.9 *C,69.9 %RH,2980 ppm
29/03/2023 01:04,20.9 *C,69.9 %RH,2980 ppm
29/03/2023 01:04,20.9 *C,70.0 %RH,2987 ppm
29/03/2023 01:05,20.9 *C,70.0 %RH,2998 ppm
29/03/2023 01:05,20.9 *C,69.9 %RH,3003 ppm
29/03/2023 01:06,20.9 *C,69.9 %RH,3010 ppm
29/03/2023 01:06,20.9 *C,69.9 %RH,3013 ppm
29/03/2023 01:06,20.9 *C,69.9 %RH,3013 ppm
29/03/2023 01:06,20.9 *C,69.9 %RH,3015 ppm
29/03/2023 01:06,20.9 *C,69.9 %RH,3015 ppm
29/03/2023 01:06,20.9 *C,69.9 %RH,3017 ppm
29/03/2023 01:07,20.9 *C,69.9 %RH,3017 ppm
29/03/2023 01:07,20.9 *C,69.9 %RH,3018 ppm
29/03/2023 01:07,20.8 *C,69.9 %RH,3021 ppm
29/03/2023 01:07,20.9 *C,69.8 %RH,3023 ppm
29/03/2023 01:07,20.8 *C,69.9 %RH,3023 ppm
29/03/2023 01:07,20.9 *C,69.8 %RH,3023 ppm
29/03/2023 01:08,20.9 *C,69.9 %RH,3021 ppm
29/03/2023 01:08,20.9 *C,69.9 %RH,3022 ppm
29/03/2023 01:08,20.8 *C,69.9 %RH,3023 ppm
29/03/2023 01:08,20.8 *C,69.9 %RH,3024 ppm
29/03/2023 01:08,20.8 *C,69.8 %RH,3023 ppm
29/03/2023 01:08,20.8 *C,69.9 %RH,3023 ppm
29/03/2023 01:09,20.8 *C,69.8 %RH,3023 ppm
29/03/2023 01:09,20.8 *C,69.9 %RH,3023 ppm
29/03/2023 01:09,20.8 *C,69.8 %RH,3021 ppm
29/03/2023 01:09,20.8 *C,69.8 %RH,3021 ppm
29/03/2023 01:09,20.8 *C,69.9 %RH,3019 ppm
29/03/2023 01:21,20.7 *C,70.0 %RH,3052 ppm
29/03/2023 01:22,20.7 *C,70.0 %RH,3052 ppm
29/03/2023 01:22,20.7 *C,70.1 %RH,3052 ppm
29/03/2023 01:22,20.8 *C,70.0 %RH,3051 ppm
29/03/2023 01:22,20.8 *C,70.0 %RH,3050 ppm
29/03/2023 01:22,20.8 *C,70.1 %RH,3049 ppm
29/03/2023 01:22,20.7 *C,70.0 %RH,3048 ppm
29/03/2023 01:23,20.7 *C,70.0 %RH,3048 ppm
29/03/2023 01:23,20.8 *C,70.0 %RH,3047 ppm
29/03/2023 01:23,20.8 *C,70.0 %RH,3048 ppm
29/03/2023 01:23,20.7 *C,70.0 %RH,3050 ppm
29/03/2023 01:23,20.7 *C,70.1 %RH,3049 ppm
29/03/2023 01:23,20.7 *C,70.0 %RH,3051 ppm
29/03/2023 01:24,20.8 *C,70.0 %RH,3051 ppm
29/03/2023 01:24,20.8 *C,70.0 %RH,3053 ppm
29/03/2023 01:24,20.7 *C,70.0 %RH,3053 ppm
29/03/2023 01:24,20.8 *C,70.0 %RH,3055 ppm
29/03/2023 01:24,20.8 *C,70.1 %RH,3055 ppm
29/03/2023 01:25,20.7 *C,70.0 %RH,3056 ppm
29/03/2023 01:25,20.7 *C,70.0 %RH,3056 ppm
29/03/2023 01:25,20.8 *C,70.0 %RH,3058 ppm
29/03/2023 01:25,20.7 *C,70.0 %RH,3057 ppm
29/03/2023 01:25,20.8 *C,70.0 %RH,3056 ppm
29/03/2023 01:25,20.8 *C,70.0 %RH,3056 ppm
29/03/2023 01:26,20.7 *C,70.0 %RH,3056 ppm
29/03/2023 01:26,20.7 *C,70.0 %RH,3056 ppm
29/03/2023 08:47,21.8 *C,50.3 %RH,813 ppm
29/03/2023 08:47,21.8 *C,50.6 %RH,812 ppm
29/03/2023 08:47,21.8 *C,50.8 %RH,812 ppm
29/03/2023 08:48,21.8 *C,50.9 %RH,812 ppm
29/03/2023 08:48,21.8 *C,51.1 %RH,811 ppm
29/03/2023 08:48,21.8 *C,51.2 %RH,811 ppm
29/03/2023 08:48,21.9 *C,51.3 %RH,811 ppm
29/03/2023 08:48,21.9 *C,51.4 %RH,810 ppm
29/03/2023 08:48,22.0 *C,51.5 %RH,810 ppm
29/03/2023 08:49,22.1 *C,51.6 %RH,810 ppm
29/03/2023 08:49,22.2 *C,51.6 %RH,811 ppm
29/03/2023 08:49,22.4 *C,51.6 %RH,816 ppm
29/03/2023 08:49,22.5 *C,51.7 %RH,816 ppm
29/03/2023 08:49,22.6 *C,51.7 %RH,815 ppm
29/03/2023 08:49,22.8 *C,51.8 %RH,818 ppm
29/03/2023 08:50,22.9 *C,51.8 %RH,821 ppm
29/03/2023 08:50,23.0 *C,51.8 %RH,823 ppm
29/03/2023 08:50,23.2 *C,51.8 %RH,822 ppm
29/03/2023 08:50,23.3 *C,51.8 %RH,822 ppm
29/03/2023 08:50,23.4 *C,51.8 %RH,821 ppm
29/03/2023 08:50,23.5 *C,51.8 %RH,822 ppm
29/03/2023 08:51,23.6 *C,51.7 %RH,822 ppm
29/03/2023 08:51,23.6 *C,51.7 %RH,822 ppm
29/03/2023 08:51,23.7 *C,51.7 %RH,823 ppm
29/03/2023 08:51,23.8 *C,51.7 %RH,827 ppm
29/03/2023 08:51,23.9 *C,51.6 %RH,826 ppm
29/03/2023 08:51,23.9 *C,51.6 %RH,826 ppm
29/03/2023 08:52,23.9 *C,51.2 %RH,824 ppm
29/03/2023 08:52,23.9 *C,51.0 %RH,824 ppm
29/03/2023 08:52,23.9 *C,50.7 %RH,823 ppm
29/03/2023 08:52,23.9 *C,50.6 %RH,824 ppm
29/03/2023 08:52,23.9 *C,50.3 %RH,824 ppm
29/03/2023 08:52,23.8 *C,50.2 %RH,825 ppm
29/03/2023 08:53,23.7 *C,50.3 %RH,826 ppm
29/03/2023 08:53,23.7 *C,50.3 %RH,825 ppm
29/03/2023 08:53,23.6 *C,50.3 %RH,823 ppm
29/03/2023 08:53,23.5 *C,50.3 %RH,821 ppm
29/03/2023 08:53,23.4 *C,50.1 %RH,821 ppm
29/03/2023 08:53,23.4 *C,50.1 %RH,819 ppm
29/03/2023 08:54,23.2 *C,49.9 %RH,818 ppm
29/03/2023 08:54,23.2 *C,49.9 %RH,814 ppm
29/03/2023 08:54,23.1 *C,49.9 %RH,811 ppm
29/03/2023 08:54,23.0 *C,49.8 %RH,808 ppm
29/03/2023 08:54,23.0 *C,49.8 %RH,806 ppm
29/03/2023 08:54,22.9 *C,50.0 %RH,803 ppm
29/03/2023 08:55,22.8 *C,50.1 %RH,800 ppm
29/03/2023 08:55,22.7 *C,50.1 %RH,796 ppm
29/03/2023 08:55,22.6 *C,50.3 %RH,793 ppm
29/03/2023 08:55,22.6 *C,50.3 %RH,790 ppm
29/03/2023 08:55,22.5 *C,50.4 %RH,789 ppm
29/03/2023 08:55,22.4 *C,50.6 %RH,786 ppm
29/03/2023 08:56,22.4 *C,50.7 %RH,782 ppm
29/03/2023 08:56,22.3 *C,50.8 %RH,777 ppm
29/03/2023 08:56,22.3 *C,50.9 %RH,773 ppm
29/03/2023 08:56,22.2 *C,50.9 %RH,773 ppm
29/03/2023 08:56,22.2 *C,51.0 %RH,772 ppm
29/03/2023 08:56,22.1 *C,51.1 %RH,771 ppm
29/03/2023 08:57,22.1 *C,51.0 %RH,770 ppm
29/03/2023 08:57,22.0 *C,51.0 %RH,769 ppm
29/03/2023 08:57,21.9 *C,51.0 %RH,768 ppm
29/03/2023 08:57,21.9 *C,51.1 %RH,767 ppm
29/03/2023 08:57,21.8 *C,51.0 %RH,763 ppm
29/03/2023 08:57,21.8 *C,51.0 %RH,764 ppm
29/03/2023 08:58,21.7 *C,51.0 %RH,762 ppm
29/03/2023 08:58,21.7 *C,51.0 %RH,760 ppm
29/03/2023 08:58,21.7 *C,50.9 %RH,758 ppm
29/03/2023 08:58,21.6 *C,50.9 %RH,757 ppm
29/03/2023 08:58,21.6 *C,50.9 %RH,756 ppm
29/03/2023 09:43,20.3 *C,49.9 %RH,729 ppm
29/03/2023 09:43,20.4 *C,49.9 %RH,729 ppm
29/03/2023 09:43,20.4 *C,49.9 %RH,729 ppm
29/03/2023 09:43,20.4 *C,49.9 %RH,729 ppm
29/03/2023 09:43,20.4 *C,49.9 %RH,729 ppm
29/03/2023 09:43,20.4 *C,49.9 %RH,729 ppm
29/03/2023 09:43,20.4 *C,49.9 %RH,729 ppm
29/03/2023 09:43,20.4 *C,49.9 %RH,729 ppm
29/03/2023 09:43,20.4 *C,49.9 %RH,729 ppm
29/03/2023 09:43,20.4 *C,49.9 %RH,729 ppm
29/03/2023 09:43,20.4 *C,49.9 %RH,729 ppm
29/03/2023 09:43,20.4 *C,49.9 %RH,729 ppm
29/03/2023 09:43,20.4 *C,49.9 %RH,729 ppm
29/03/2023 09:43,20.4 *C,49.9 %RH,729 ppm
29/03/2023 09:43,20.4 *C,49.9 %RH,729 ppm
29/03/2023 09:43,20.4 *C,49.9 %RH,729 ppm
29/03/2023 09:43,20.4 *C,49.9 %RH,728 ppm
29/03/2023 09:43,20.4 *C,49.9 %RH,728 ppm
29/03/2023 09:43,20.4 *C,49.9 %RH,728 ppm
29/03/2023 09:43,20.4 *C,49.9 %RH,728 ppm
29/03/2023 09:43,20.4 *C,49.9 %RH,728 ppm
29/03/2023 09:43,20.4 *C,49.9 %RH,728 ppm
29/03/2023 09:43,20.4 *C,49.9 %RH,728 ppm
29/03/2023 09:43,20.4 *C,49.9 %RH,728 ppm
29/03/2023 09:43,20.4 *C,49.9 %RH,728 ppm
29/03/2023 09:43,20.4 *C,49.9 %RH,728 ppm
29/03/2023 09:43,20.4 *C,49.9 %RH,728 ppm
29/03/2023 09:43,20.4 *C,49.9 %RH,728 ppm
29/03/2023 09:43,20.4 *C,49.9 %RH,728 ppm
29/03/2023 09:43,20.4 *C,49.9 %RH,727 ppm
29/03/2023 09:43,20.4 *C,49.9 %RH,727 ppm
29/03/2023 09:43,20.4 *C,49.9 %RH,727 ppm
29/03/2023 09:43,20.4 *C,49.9 %RH,727 ppm
29/03/2023 09:43,20.4 *C,49.9 %RH,727 ppm
29/03/2023 09:43,20.4 *C,49.9 %RH,727 ppm
29/03/2023 09:43,20.4 *C,49.9 %RH,727 ppm
29/03/2023 09:43,20.4 *C,49.9 %RH,727 ppm
29/03/2023 09:43,20.4 *C,49.9 %RH,727 ppm
29/03/2023 09:43,20.4 *C,49.9 %RH,727 ppm
29/03/2023 09:43,20.4 *C,49.9 %RH,727 ppm
29/03/2023 09:43,20.4 *C,49.9 %RH,727 ppm
29/03/2023 09:43,20.4 *C,49.9 %RH,727 ppm
29/03/2023 09:43,20.4 *C,49.9 %RH,727 ppm
29/03/2023 09:43,20.4 *C,49.9 %RH,727 ppm
29/03/2023 09:43,20.4 *C,49.9 %RH,727 ppm
29/03/2023 09:43,20.3 *C,49.9 %RH,727 ppm
29/03/2023 09:44,20.3 *C,49.9 %RH,727 ppm
29/03/2023 09:44,20.3 *C,49.9 %RH,727 ppm
29/03/2023 09:44,20.3 *C,49.9 %RH,727 ppm
29/03/2023 09:44,20.3 *C,49.9 %RH,727 ppm
29/03/2023 09:44,20.3 *C,49.9 %RH,727 ppm
29/03/2023 09:44,20.3 *C,49.9 %RH,727 ppm
29/03/2023 09:44,20.3 *C,49.9 %RH,727 ppm
29/03/2023 09:44,20.3 *C,49.9 %RH,727 ppm
29/03/2023 09:44,20.3 *C,49.9 %RH,727 ppm
29/03/2023 09:44,20.3 *C,49.9 %RH,727 ppm
29/03/2023 09:44,20.3 *C,49.9 %RH,727 ppm
29/03/2023 09:44,20.4 *C,49.9 %RH,728 ppm
29/03/2023 09:44,20.4 *C,49.9 %RH,728 ppm
29/03/2023 09:44,20.4 *C,49.9 %RH,728 ppm
29/03/2023 09:44,20.4 *C,49.9 %RH,728 ppm
29/03/2023 09:44,20.4 *C,49.9 %RH,728 ppm
29/03/2023 09:44,20.4 *C,49.9 %RH,728 ppm
29/03/2023 09:44,20.4 *C,49.9 %RH,728 ppm
29/03/2023 09:44,20.4 *C,49.9 %RH,728 ppm
29/03/2023 09:44,20.4 *C,49.9 %RH,728 ppm
29/03/2023 09:44,20.4 *C,49.9 %RH,728 ppm
29/03/2023 09:44,20.4 *C,49.9 %RH,728 ppm
29/03/2023 09:44,20.4 *C,49.9 %RH,728 ppm
29/03/2023 09:44,20.4 *C,49.9 %RH,728 ppm
29/03/2023 09:44,20.4 *C,49.9 %RH,728 ppm
29/03/2023 09:44,20.4 *C,49.9 %RH,728 ppm
29/03/2023 09:44,20.4 *C,49.9 %RH,728 ppm
29/03/2023 09:44,20.4 *C,49.9 %RH,728 ppm
29/03/2023 09:44,20.4 *C,49.9 %RH,728 ppm
29/03/2023 09:44,20.4 *C,49.9 %RH,728 ppm
29/03/2023 09:44,20.4 *C,49.9 %RH,728 ppm
29/03/2023 09:44,20.4 *C,49.9 %RH,728 ppm
29/03/2023 09:44,20.4 *C,49.9 %RH,728 ppm
29/03/2023 09:44,20.4 *C,49.9 %RH,728 ppm
29/03/2023 09:44,20.4 *C,49.9 %RH,728 ppm
29/03/2023 09:44,20.4 *C,49.9 %RH,728 ppm
29/03/2023 09:44,20.4 *C,49.9 %RH,728 ppm
29/03/2023 09:44,20.4 *C,49.9 %RH,728 ppm
29/03/2023 09:44,20.4 *C,49.9 %RH,728 ppm
29/03/2023 09:44,20.4 *C,49.9 %RH,728 ppm
29/03/2023 09:44,20.4 *C,49.9 %RH,728 ppm
29/03/2023 09:44,20.4 *C,49.9 %RH,728 ppm
29/03/2023 09:44,20.4 *C,49.9 %RH,728 ppm
29/03/2023 09:44,20.4 *C,49.9 %RH,728 ppm
29/03/2023 09:44,20.4 *C,49.9 %RH,728 ppm
29/03/2023 09:44,20.4 *C,49.9 %RH,728 ppm
29/03/2023 09:44,20.4 *C,49.9 %RH,728 ppm
29/03/2023 09:44,20.4 *C,49.9 %RH,728 ppm
29/03/2023 09:44,20.4 *C,49.9 %RH,728 ppm
29/03/2023 09:44,20.4 *C,49.9 %RH,728 ppm
29/03/2023 09:44,20.4 *C,49.9 %RH,728 ppm
29/03/2023 09:44,20.4 *C,49.9 %RH,728 ppm
29/03/2023 09:44,20.4 *C,49.9 %RH,728 ppm
29/03/2023 09:44,20.4 *C,49.9 %RH,728 ppm
29/03/2023 09:44,20.4 *C,49.9 %RH,729 ppm
29/03/2023 09:44,20.4 *C,49.9 %RH,729 ppm
29/03/2023 09:44,20.4 *C,49.9 %RH,729 ppm
29/03/2023 09:44,20.4 *C,49.9 %RH,729 ppm
29/03/2023 09:44,20.4 *C,49.9 %RH,729 ppm
29/03/2023 09:44,20.4 *C,49.9 %RH,729 ppm
29/03/2023 09:44,20.4 *C,49.9 %RH,729 ppm
29/03/2023 09:44,20.4 *C,49.9 %RH,729 ppm
29/03/2023 09:44,20.4 *C,49.9 %RH,729 ppm
29/03/2023 09:44,20.4 *C,49.9 %RH,729 ppm
29/03/2023 09:44,20.4 *C,49.9 %RH,729 ppm
29/03/2023 09:44,20.4 *C,49.9 %RH,729 ppm
29/03/2023 09:44,20.4 *C,49.9 %RH,729 ppm
29/03/2023 09:44,20.4 *C,49.9 %RH,729 ppm
29/03/2023 09:44,20.4 *C,49.9 %RH,729 ppm
29/03/2023 09:44,20.4 *C,49.9 %RH,729 ppm
29/03/2023 09:44,20.4 *C,49.9 %RH,729 ppm
29/03/2023 09:44,20.4 *C,49.9 %RH,729 ppm
29/03/2023 09:44,20.4 *C,49.9 %RH,729 ppm
29/03/2023 09:44,20.4 *C,49.9 %RH,729 ppm
29/03/2023 09:44,20.4 *C,49.9 %RH,729 ppm
29/03/2023 09:44,20.4 *C,49.9 %RH,729 ppm
29/03/2023 09:44,20.4 *C,49.9 %RH,729 ppm
29/03/2023 09:44,20.4 *C,49.9 %RH,729 ppm
29/03/2023 09:44,20.4 *C,49.9 %RH,729 ppm
29/03/2023 09:44,20.4 *C,49.9 %RH,729 ppm
29/03/2023 09:44,20.4 *C,49.9 %RH,729 ppm
29/03/2023 09:44,20.4 *C,49.9 %RH,729 ppm
29/03/2023 09:44,20.4 *C,49.9 %RH,729 ppm
29/03/2023 09:44,20.4 *C,49.9 %RH,728 ppm
29/03/2023 09:44,20.4 *C,49.9 %RH,728 ppm
29/03/2023 09:44,20.4 *C,49.9 %RH,728 ppm
29/03/2023 09:44,20.4 *C,49.9 %RH,728 ppm
29/03/2023 09:44,20.4 *C,49.9 %RH,728 ppm
29/03/2023 09:44,20.4 *C,49.9 %RH,728 ppm
29/03/2023 09:44,20.4 *C,49.9 %RH,728 ppm
29/03/2023 09:44,20.4 *C,49.9 %RH,728 ppm
29/03/2023 09:44,20.4 *C,49.9 %RH,728 ppm
29/03/2023 09:44,20.4 *C,49.9 %RH,728 ppm
29/03/2023 09:44,20.4 *C,49.9 %RH,728 ppm
29/03/2023 09:44,20.4 *C,49.9 %RH,728 ppm
29/03/2023 09:44,20.4 *C,49.9 %RH,728 ppm
29/03/2023 09:44,20.4 *C,49.9 %RH,728 ppm
29/03/2023 09:44,20.4 *C,49.9 %RH,728 ppm
29/03/2023 10:03,21.2 *C,53.8 %RH,758 ppm
29/03/2023 10:03,21.2 *C,53.8 %RH,758 ppm
29/03/2023 10:04,21.2 *C,53.9 %RH,759 ppm
29/03/2023 10:04,21.2 *C,53.9 %RH,759 ppm
29/03/2023 10:04,21.2 *C,53.9 %RH,762 ppm
29/03/2023 10:04,21.2 *C,53.9 %RH,763 ppm
29/03/2023 10:04,21.2 *C,53.9 %RH,763 ppm
29/03/2023 10:04,21.2 *C,54.0 %RH,764 ppm
29/03/2023 10:05,21.2 *C,54.1 %RH,766 ppm
29/03/2023 10:05,21.2 *C,54.1 %RH,767 ppm
29/03/2023 10:05,21.2 *C,54.1 %RH,768 ppm
29/03/2023 10:05,21.2 *C,54.1 %RH,769 ppm
29/03/2023 10:05,21.2 *C,54.2 %RH,777 ppm
29/03/2023 10:05,21.2 *C,54.2 %RH,780 ppm
29/03/2023 10:06,21.2 *C,54.2 %RH,781 ppm
29/03/2023 10:06,21.2 *C,54.3 %RH,783 ppm
29/03/2023 10:23,21.3 *C,52.2 %RH,723 ppm
29/03/2023 10:23,21.3 *C,52.2 %RH,721 ppm
29/03/2023 10:23,21.3 *C,52.2 %RH,719 ppm
29/03/2023 10:24,21.3 *C,52.1 %RH,718 ppm
29/03/2023 10:24,21.3 *C,52.0 %RH,715 ppm
29/03/2023 10:24,21.3 *C,52.0 %RH,715 ppm
29/03/2023 10:24,21.3 *C,52.0 %RH,712 ppm
29/03/2023 10:24,21.3 *C,52.0 %RH,709 ppm
29/03/2023 10:24,21.3 *C,52.0 %RH,706 ppm
29/03/2023 10:25,21.3 *C,52.0 %RH,704 ppm
29/03/2023 10:25,21.3 *C,52.0 %RH,703 ppm
29/03/2023 10:25,21.3 *C,51.9 %RH,702 ppm
29/03/2023 10:25,21.3 *C,51.9 %RH,701 ppm
29/03/2023 10:25,21.3 *C,51.9 %RH,699 ppm
29/03/2023 10:25,21.2 *C,51.9 %RH,696 ppm
29/03/2023 10:26,21.3 *C,51.9 %RH,690 ppm
29/03/2023 10:26,21.2 *C,51.9 %RH,687 ppm
29/03/2023 10:26,21.2 *C,51.8 %RH,685 ppm
29/03/2023 10:26,21.2 *C,51.8 %RH,682 ppm
29/03/2023 10:26,21.2 *C,51.8 %RH,682 ppm
29/03/2023 10:26,21.2 *C,51.8 %RH,680 ppm
29/03/2023 10:27,21.2 *C,51.7 %RH,678 ppm
29/03/2023 10:27,21.2 *C,51.7 %RH,679 ppm
29/03/2023 10:27,21.2 *C,51.8 %RH,678 ppm
29/03/2023 10:27,21.2 *C,51.8 %RH,678 ppm
29/03/2023 10:27,21.2 *C,51.8 %RH,677 ppm
29/03/2023 10:27,21.2 *C,51.8 %RH,676 ppm
29/03/2023 10:28,21.2 *C,51.7 %RH,673 ppm
29/03/2023 10:28,21.2 *C,51.7 %RH,673 ppm
29/03/2023 10:28,21.2 *C,51.6 %RH,672 ppm
29/03/2023 10:28,21.2 *C,51.6 %RH,672 ppm
29/03/2023 10:28,21.2 *C,51.5 %RH,671 ppm
29/03/2023 10:28,21.2 *C,51.6 %RH,668 ppm
29/03/2023 10:29,21.2 *C,51.7 %RH,668 ppm
29/03/2023 10:29,21.2 *C,51.6 %RH,669 ppm
29/03/2023 10:29,21.2 *C,51.7 %RH,667 ppm
29/03/2023 10:29,21.2 *C,51.6 %RH,668 ppm
29/03/2023 10:29,21.2 *C,51.6 %RH,668 ppm
29/03/2023 10:29,21.2 *C,51.6 %RH,668 ppm
29/03/2023 10:30,21.2 *C,51.5 %RH,667 ppm
29/03/2023 10:30,21.2 *C,51.5 %RH,667 ppm
29/03/2023 10:30,21.2 *C,51.4 %RH,667 ppm
29/03/2023 10:30,21.2 *C,51.4 %RH,666 ppm
29/03/2023 10:30,21.2 *C,51.4 %RH,667 ppm
29/03/2023 10:30,21.2 *C,51.4 %RH,666 ppm
29/03/2023 10:31,21.2 *C,51.3 %RH,666 ppm
29/03/2023 10:31,21.2 *C,51.2 %RH,665 ppm
29/03/2023 10:31,21.2 *C,51.3 %RH,664 ppm
29/03/2023 10:31,21.2 *C,51.2 %RH,663 ppm
29/03/2023 10:31,21.2 *C,51.2 %RH,663 ppm
29/03/2023 10:31,21.2 *C,51.2 %RH,663 ppm
29/03/2023 10:32,21.2 *C,51.2 %RH,663 ppm
29/03/2023 10:32,21.2 *C,51.1 %RH,660 ppm
29/03/2023 10:32,21.1 *C,51.1 %RH,660 ppm
29/03/2023 10:32,21.2 *C,51.0 %RH,659 ppm
29/03/2023 10:32,21.2 *C,51.0 %RH,658 ppm
29/03/2023 10:32,21.2 *C,51.0 %RH,654 ppm
29/03/2023 10:33,21.1 *C,51.0 %RH,652 ppm
29/03/2023 10:33,21.1 *C,50.8 %RH,650 ppm
29/03/2023 10:33,21.1 *C,50.8 %RH,647 ppm
29/03/2023 10:33,21.1 *C,50.7 %RH,647 ppm
29/03/2023 10:33,21.2 *C,50.8 %RH,648 ppm
29/03/2023 10:33,21.2 *C,50.8 %RH,647 ppm
29/03/2023 10:34,21.1 *C,50.7 %RH,647 ppm
29/03/2023 10:34,21.1 *C,50.7 %RH,647 ppm
29/03/2023 10:34,21.1 *C,50.8 %RH,646 ppm
29/03/2023 10:34,21.1 *C,50.7 %RH,645 ppm
29/03/2023 10:34,21.1 *C,50.7 %RH,642 ppm
29/03/2023 10:34,21.1 *C,50.6 %RH,640 ppm
29/03/2023 10:35,21.1 *C,50.6 %RH,639 ppm
29/03/2023 10:38,21.1 *C,50.3 %RH,625 ppm
29/03/2023 10:38,21.1 *C,50.3 %RH,625 ppm
29/03/2023 10:38,21.0 *C,50.4 %RH,624 ppm
29/03/2023 10:38,21.0 *C,50.4 %RH,624 ppm
29/03/2023 10:38,21.0 *C,50.4 %RH,624 ppm
29/03/2023 10:38,21.0 *C,50.4 %RH,624 ppm
29/03/2023 10:38,21.0 *C,50.4 %RH,624 ppm
29/03/2023 10:38,21.0 *C,50.4 %RH,624 ppm
29/03/2023 10:38,21.0 *C,50.4 %RH,624 ppm
29/03/2023 10:39,21.0 *C,50.4 %RH,622 ppm
29/03/2023 11:31,21.7 *C,50.6 %RH,758 ppm
29/03/2023 11:31,21.7 *C,50.6 %RH,757 ppm
29/03/2023 11:31,21.7 *C,50.6 %RH,757 ppm
29/03/2023 11:31,21.7 *C,50.6 %RH,756 ppm
29/03/2023 11:31,21.7 *C,50.7 %RH,757 ppm
29/03/2023 11:32,21.7 *C,50.6 %RH,757 ppm
29/03/2023 11:32,21.7 *C,50.6 %RH,756 ppm
29/03/2023 11:32,21.7 *C,50.5 %RH,757 ppm
29/03/2023 11:32,21.7 *C,50.5 %RH,755 ppm
29/03/2023 11:32,21.7 *C,50.6 %RH,755 ppm
29/03/2023 11:32,21.7 *C,50.5 %RH,754 ppm
29/03/2023 11:33,21.7 *C,50.5 %RH,754 ppm
29/03/2023 11:33,21.7 *C,50.6 %RH,754 ppm
29/03/2023 11:33,21.7 *C,50.6 %RH,753 ppm
29/03/2023 11:33,21.7 *C,50.6 %RH,752 ppm
29/03/2023 11:33,21.7 *C,50.6 %RH,752 ppm
29/03/2023 11:33,21.7 *C,50.6 %RH,743 ppm
29/03/2023 11:34,21.7 *C,50.6 %RH,743 ppm
29/03/2023 11:34,21.7 *C,50.6 %RH,743 ppm
29/03/2023 11:34,21.7 *C,50.6 %RH,743 ppm
29/03/2023 11:34,21.7 *C,50.6 %RH,743 ppm
29/03/2023 11:34,21.7 *C,50.6 %RH,742 ppm
29/03/2023 11:34,21.7 *C,50.6 %RH,742 ppm
29/03/2023 11:35,21.7 *C,50.6 %RH,742 ppm
29/03/2023 11:35,21.7 *C,50.6 %RH,741 ppm
29/03/2023 11:35,21.7 *C,50.6 %RH,740 ppm
29/03/2023 11:35,21.7 *C,50.6 %RH,739 ppm
29/03/2023 11:35,21.7 *C,50.6 %RH,738 ppm
29/03/2023 11:35,21.7 *C,50.6 %RH,737 ppm
29/03/2023 11:36,21.7 *C,50.6 %RH,737 ppm
29/03/2023 11:36,21.7 *C,50.6 %RH,737 ppm
29/03/2023 11:36,21.7 *C,50.6 %RH,736 ppm
29/03/2023 11:36,21.7 *C,50.6 %RH,735 ppm
29/03/2023 11:36,21.7 *C,50.6 %RH,734 ppm
29/03/2023 11:36,21.7 *C,50.6 %RH,731 ppm
29/03/2023 11:37,21.7 *C,50.6 %RH,729 ppm
29/03/2023 11:37,21.7 *C,50.6 %RH,728 ppm
29/03/2023 11:37,21.7 *C,50.6 %RH,728 ppm
29/03/2023 11:37,21.7 *C,50.6 %RH,726 ppm
29/03/2023 11:37,21.7 *C,50.6 %RH,725 ppm
29/03/2023 11:37,21.7 *C,50.6 %RH,720 ppm
29/03/2023 11:38,21.8 *C,50.6 %RH,719 ppm
29/03/2023 11:38,21.7 *C,50.6 %RH,718 ppm
29/03/2023 11:38,21.7 *C,50.6 %RH,718 ppm
29/03/2023 11:38,21.7 *C,50.6 %RH,718 ppm
29/03/2023 11:38,21.8 *C,50.7 %RH,718 ppm
29/03/2023 11:38,21.8 *C,50.7 %RH,719 ppm
29/03/2023 11:39,21.7 *C,50.7 %RH,719 ppm
29/03/2023 11:39,21.8 *C,50.7 %RH,717 ppm
29/03/2023 11:39,21.7 *C,50.7 %RH,716 ppm
29/03/2023 11:39,21.8 *C,50.7 %RH,716 ppm
29/03/2023 11:39,21.7 *C,50.7 %RH,719 ppm
29/03/2023 11:41, , , 
29/03/2023 11:41, , , 
29/03/2023 11:41, , , 
29/03/2023 11:41, , , 
29/03/2023 11:41, , , 
29/03/2023 11:41, , , 
29/03/2023 11:41, , , 
29/03/2023 11:41, , , 
29/03/2023 11:41, , , 
29/03/2023 11:41, , , 
29/03/2023 11:41,24.3 *C,40.2 %RH,816 ppm
29/03/2023 11:41,24.0 *C,40.9 %RH,816 ppm
29/03/2023 11:42,23.6 *C,41.6 %RH,812 ppm
29/03/2023 11:42,23.3 *C,42.3 %RH,810 ppm
29/03/2023 11:42,23.1 *C,42.8 %RH,812 ppm
29/03/2023 11:42,22.8 *C,43.2 %RH,817 ppm
29/03/2023 11:42,22.5 *C,43.8 %RH,846 ppm
29/03/2023 11:42,22.4 *C,44.0 %RH,858 ppm
29/03/2023 11:43,22.2 *C,44.2 %RH,863 ppm
29/03/2023 11:43,22.1 *C,44.4 %RH,871 ppm
29/03/2023 11:43,22.0 *C,44.5 %RH,890 ppm
29/03/2023 11:43,21.9 *C,44.6 %RH,899 ppm
29/03/2023 11:43,21.8 *C,44.5 %RH,903 ppm
29/03/2023 11:43,21.7 *C,44.7 %RH,906 ppm
29/03/2023 11:44,21.7 *C,44.7 %RH,914 ppm
29/03/2023 11:44,21.6 *C,44.6 %RH,921 ppm
29/03/2023 11:44,21.6 *C,44.6 %RH,926 ppm
29/03/2023 11:44,21.5 *C,44.6 %RH,928 ppm
29/03/2023 11:44,21.5 *C,44.5 %RH,927 ppm
29/03/2023 11:44,21.4 *C,44.6 %RH,932 ppm
29/03/2023 11:45,21.4 *C,44.6 %RH,947 ppm
29/03/2023 11:45,21.4 *C,44.6 %RH,961 ppm
29/03/2023 11:45,21.4 *C,44.5 %RH,964 ppm
29/03/2023 11:45,21.4 *C,44.4 %RH,980 ppm
29/03/2023 11:45,21.3 *C,44.4 %RH,993 ppm
29/03/2023 11:45,21.4 *C,44.3 %RH,997 ppm
29/03/2023 11:46,21.3 *C,44.2 %RH,999 ppm
29/03/2023 11:46,21.3 *C,44.0 %RH,997 ppm
29/03/2023 11:46,21.3 *C,43.9 %RH,996 ppm
29/03/2023 11:46,21.3 *C,43.8 %RH,991 ppm
29/03/2023 11:46,21.3 *C,43.7 %RH,988 ppm
29/03/2023 11:46,21.3 *C,43.7 %RH,983 ppm
